name,oj
入门经典,nil
C3 Array,nil
Examples,nil
272,uva
10082,uva
401,uva
340,uva
1583,uva
1584,uva
Exercises,nil
1585,uva
1586,uva
1225,uva
455,uva
227,uva
232,uva
1368,uva
202,uva
10340,uva
1587,uva
1588,uva
11809,uva
C4 Func,nil
Examples,nil
489,uva
133,uva
213,uva
512,uva
12412,uva
Analysis,nil
1339,uva
Exercises,nil
1589,uva
201,uva
220,uva
253,uva
1590,uva
508,uva
509,uva
12108,uva
1591,uva
815,uva
C5 C++,nil
Examples,nil
10474,uva
101,uva
10815,uva
156,uva
12096,uva
540,uva
136,uva
400,uva
814,uva
221,uva
Analysis,nil
1592,uva
207,uva
Exercises,nil
1593,uva
1594,uva
10935,uva
10763,uva
10391,uva
1595,uva
12100,uva
230,uva
1596,uva
1597,uva
12504,uva
511,uva
822,uva
1598,uva
12333,uva
212,uva
C6 DS,nil
Examples,nil
514,uva
442,uva
11988,uva
12657,uva
679,uva
122,uva
548,uva
839,uva
699,uva
297,uva
572,uva
816,uva
10305,uva
10562,uva
506,uva
Analysis,nil
210,uva
1103,uva
10129,uva
12171,uva
1572,uva
1599,uva
11853,uva
Exercises,nil
673,uva
712,uva
536,uva
439,uva
1600,uva
12166,uva
804,uva
806,uva
127,uva
246,uva
10410,uva
810,uva
215,uva
12118,uva
C7 BF,nil
Examples,nil
524,uva
129,uva
10603,uva
Analysis,nil
725,uva
11059,uva
10976,uva
140,uva
1354,uva
1601,uva
11212,uva
12325,uva
1343,uva
1374,uva
1602,uva
1603,uva
Exercises,nil
208,uva
225,uva
211,uva
818,uva
690,uva
12113,uva
12558,uva
12107,uva
1604,uva
11214,uva
12569,uva
1533,uva
817,uva
307,uva
11882,uva
11846,uva
11694,uva
10384,uva
C8 Algo,nil
Examples,nil
11054,uva
11572,uva
10954,uva
Analysis,nil
120,uva
1605,uva
1152,uva
11134,uva
1606,uva
1471,uva
1451,uva
714,uva
12627,uva
11093,uva
1607,uva
12174,uva
1608,uva
1609,uva
1442,uva
12265,uva
Exercises,nil
1149,uva
1610,uva
12545,uva
11491,uva
177,uva
1611,uva
11925,uva
1612,uva
1613,uva
1614,uva
1615,uva
1153,uva
10570,uva
1616,uva
1617,uva
1618,uva
11536,uva
1619,uva
1312,uva
1620,uva
1621,uva
1622,uva
1623,uva
10366,uva
11175,uva
12559,uva
1580,uva
1624,uva
C9 DP,nil
Examples,nil
1025,uva
116,uva
1626,uva
12186,uva
10817,uva
1412,uva
Analysis,nil
437,uva
1347,uva
12563,uva
11400,uva
11584,uva
1625,uva
10003,uva
1331,uva
1220,uva
1218,uva
1252,uva
10618,uva
1627,uva
10934,uva
1336,uva
12105,uva
1204,uva
12099,uva
12170,uva
1380,uva
10559,uva
1439,uva
1228,uva
1375,uva
1628,uva
Exercises,nil
10285,uva
10118,uva
1629,uva
1630,uva
242,uva
10723,uva
1631,uva
1632,uva
10163,uva
10641,uva
1633,uva
12093,uva
1289,uva
1543,uva
12589,uva
1634,uva
10271,uva
1379,uva
1443,uva
12222,uva
1371,uva
1579,uva
1322,uva
C10 Math,nil
Examples,nil
10375,uva
11440,uva
Analysis,nil
11582,uva
12169,uva
10791,uva
12716,uva
1635,uva
10820,uva
1262,uva
1636,uva
10491,uva
11181,uva
1637,uva
580,uva
12034,uva
1638,uva
12230,uva
1639,uva
10288,uva
11346,uva
10900,uva
11971,uva
1640,uva
10213,uva
1641,uva
1363,uva
10214,uva
1393,uva
1642,uva
Exercises,nil
11040,uva
808,uva
1643,uva
1644,uva
1213,uva
1210,uva
10539,uva
10622,uva
294,uva
1645,uva
1646,uva
557,uva
11526,uva
10886,uva
12063,uva
1647,uva
11105,uva
10837,uva
10868,uva
1648,uva
1649,uva
10640,uva
10479,uva
766,uva
1575,uva
12520,uva
1390,uva
1650,uva
11982,uva
12371,uva
12590,uva
1414,uva
1651,uva
12212,uva
1282,uva
1652,uva
1653,uva
10824,uva
11186,uva
12535,uva
1406,uva
12508,uva
1654,uva
11246,uva
11166,uva
11895,uva
11429,uva
1655,uva
1656,uva
11303,uva
1657,uva
C11 Graph,nil
Examples,nil
Analysis,nil
12219,uva
1395,uva
1151,uva
247,uva
10048,uva
658,uva
753,uva
11082,uva
1658,uva
1349,uva
12661,uva
1515,uva
10735,uva
1279,uva
1659,uva
Exercises,nil
821,uva
1001,uva
820,uva
1660,uva
1661,uva
1662,uva
10801,uva
1663,uva
12549,uva
12011,uva
1664,uva
1665,uva
1666,uva
1667,uva
1668,uva
1669,uva
1670,uva
12214,uva
1518,uva
12433,uva
11671,uva
训练指南,nil
C1 AD,nil
General Problem Solving Techniques,nil
Examples,nil
11292,uva
11729,uva
11300,uva
1388,uva
10881,uva
1030,uva
11464,uva
1352,uva
11210,uva
11384,uva
10795,uva
12124,uva
12097,uva
11520,uva
1267,uva
1335,uva
Exercises: Beginner,nil
Recommendation,nil
11636,uva
11039,uva
1339,uva
1368,uva
10970,uva
10340,uva
10382,uva
1346,uva
1508,uva
1509,uva
Extra,nil
10012,uva
10020,uva
10026,uva
10317,uva
10318,uva
10670,uva
1523,uva
1555,uva
1533,uva
110,uva
120,uva
254,uva
311,uva
434,uva
669,uva
757,uva
769,uva
812,uva
140,uva
165,uva
225,uva
269,uva
387,uva
471,uva
524,uva
585,uva
654,uva
656,uva
687,uva
817,uva
818,uva
Exercises: Intermediate,nil
Recommendation,nil
10905,uva
1422,uva
11627,uva
11134,uva
11100,uva
1344,uva
11389,uva
1418,uva
1153,uva
1445,uva
1421,uva
1377,uva
1354,uva
1374,uva
Extra,nil
1419,uva
1420,uva
10037,uva
10602,uva
10716,uva
11127,uva
10120,uva
10123,uva
10366,uva
10396,uva
10479,uva
10483,uva
10570,uva
10609,uva
10624,uva
10729,uva
10747,uva
10771,uva
11012,uva
11106,uva
11269,uva
11387,uva
11714,uva
11776,uva
11920,uva
11986,uva
1554,uva
1531,uva
668,uva
714,uva
211,uva
219,uva
229,uva
279,uva
307,uva
322,uva
502,uva
510,uva
519,uva
529,uva
589,uva
609,uva
646,uva
649,uva
690,uva
764,uva
770,uva
772,uva
798,uva
Exercises: Advanced,nil
Recommendation,nil
1450,uva
1467,uva
1316,uva
1491,uva
12326,uva
10825,uva
10639,uva
1355,uva
1295,uva
1448,uva
Extra,nil
10383,uva
10411,uva
10414,uva
10492,uva
10571,uva
10605,uva
10628,uva
10632,uva
10833,uva
11694,uva
11794,uva
11846,uva
10272,uva
10471,uva
10640,uva
10658,uva
10675,uva
10786,uva
10904,uva
11006,uva
11041,uva
11129,uva
11142,uva
11184,uva
11251,uva
11268,uva
11318,uva
11445,uva
11522,uva
11527,uva
11570,uva
11630,uva
11814,uva
11925,uva
12011,uva
1535,uva
1536,uva
135,uva
605,uva
608,uva
799,uva
Designing Efficient Algorithms,nil
Examples,nil
11462,uva
11078,uva
11549,uva
1398,uva
1121,uva
1330,uva
1382,uva
10755,uva
1326,uva
Exercises: Beginner,nil
Recommendation,nil
10125,uva
10763,uva
10391,uva
11054,uva
Extra,nil
1312,uva
10535,uva
10730,uva
10810,uva
221,uva
517,uva
Exercises: Intermediate,nil
Recommendation,nil
1325,uva
10827,uva
1451,uva
12265,uva
1432,uva
1312,uva
1481,uva
1392,uva
1442,uva
1381,uva
12174,uva
1511,uva
12121,uva
Extra,nil
10132,uva
10691,uva
11589,uva
11536,uva
11572,uva
1548,uva
1526,uva
Exercises: Advanced,nil
Recommendation,nil
1468,uva
1444,uva
Dynamic Programming,nil
Examples,nil
1394,uva
10635,uva
10891,uva
11825,uva
10859,uva
1169,uva
1099,uva
Exercises: Beginner,nil
Recommendation,nil
11584,uva
1424,uva
10534,uva
11552,uva
11404,uva
1456,uva
11795,uva
1452,uva
1366,uva
10564,uva
10817,uva
1292,uva
1351,uva
1291,uva
1252,uva
Extra,nil
10163,uva
10453,uva
10254,uva
437,uva
442,uva
473,uva
590,uva
607,uva
662,uva
672,uva
Exercises: Intermediate,nil
Recommendation,nil
12260,uva
1427,uva
1407,uva
12235,uva
11600,uva
1474,uva
12222,uva
12223,uva
1414,uva
1347,uva
12080,uva
1379,uva
1370,uva
1371,uva
1372,uva
1299,uva
1331,uva
1390,uva
1484,uva
12105,uva
Extra,nil
10003,uva
10239,uva
10271,uva
10304,uva
10599,uva
10604,uva
10618,uva
10641,uva
10671,uva
10688,uva
11263,uva
11400,uva
11578,uva
11691,uva
11766,uva
12002,uva
10723,uva
10934,uva
10981,uva
11307,uva
11456,uva
11782,uva
1534,uva
1543,uva
Exercises: Advanced,nil
Recommendation,nil
1437,uva
1439,uva
1412,uva
1443,uva
1380,uva
12099,uva
1496,uva
1375,uva
1405,uva
1297,uva
1320,uva
1322,uva
1336,uva
12170,uva
10559,uva
1228,uva
11521,uva
Extra,nil
10949,uva
11193,uva
11194,uva
11810,uva
11171,uva
11435,uva
11502,uva
11750,uva
11803,uva
C2 ProMath,nil
Basic Problems,nil
Recommendation,nil
11388,uva
11889,uva
10943,uva
10780,uva
10892,uva
11752,uva
11076,uva
11609,uva
12050,uva
11489,uva
10791,uva
11461,uva
1319,uva
1315,uva
Extra,nil
10339,uva
10367,uva
10586,uva
10693,uva
10726,uva
10773,uva
10995,uva
11029,uva
11314,uva
1530,uva
1529,uva
244,uva
278,uva
591,uva
616,uva
617,uva
618,uva
783,uva
797,uva
808,uva
counting,nil
Examples,nil
11538,uva
11401,uva
11806,uva
1362,uva
1073,uva
10253,uva
Analysis,nil
11361,uva
Exercises: Beginner,nil
Recommendation,nil
11038,uva
10883,uva
1510,uva
1350,uva
11645,uva
Extra,nil
10079,uva
10081,uva
10157,uva
10312,uva
10497,uva
417,uva
580,uva
Exercises: Intermediate,nil
Recommendation,nil
1393,uva
12075,uva
11529,uva
12123,uva
1436,uva
11481,uva
1425,uva
10237,uva
Extra,nil
10128,uva
10458,uva
10623,uva
10712,uva
11290,uva
11421,uva
11885,uva
12034,uva
12508,uva
10574,uva
10581,uva
10593,uva
10843,uva
10844,uva
11123,uva
11133,uva
766,uva
Exercises: Advanced,nil
Recommendation,nil
11139,uva
10884,uva
1485,uva
1478,uva
1489,uva
1430,uva
Extra,nil
10743,uva
11379,uva
11625,uva
10643,uva
10694,uva
10824,uva
11303,uva
11915,uva
12037,uva
Number Theory,nil
Examples,nil
11426,uva
11754,uva
11916,uva
Analysis,nil
1069,uva
Exercises: Beginner,nil
Recommendation,nil
10673,uva
11490,uva
11728,uva
10692,uva
10951,uva
Extra,nil
1415,uva
10061,uva
10090,uva
10110,uva
10127,uva
10140,uva
10368,uva
10515,uva
10539,uva
10560,uva
10622,uva
10710,uva
11105,uva
138,uva
294,uva
463,uva
467,uva
550,uva
701,uva
718,uva
756,uva
Exercises: Intermediate,nil
Recommendation,nil
11768,uva
1426,uva
1431,uva
1521,uva
11014,uva
1126,uva
12119,uva
1404,uva
1323,uva
1341,uva
1363,uva
1434,uva
Extra,nil
10162,uva
10236,uva
10413,uva
10548,uva
10555,uva
10620,uva
10627,uva
10837,uva
11237,uva
11440,uva
11657,uva
10542,uva
10831,uva
11024,uva
11246,uva
11256,uva
11317,uva
12009,uva
1549,uva
1550,uva
1538,uva
1539,uva
Exercises: Advanced,nil
Recommendation,nil
12253,uva
1503,uva
1435,uva
Game Theory,nil
Examples,nil
1482,uva
Analysis,nil
10561,uva
Exercises: Beginner,nil
Recommendation,nil
12293,uva
11892,uva
Extra,nil
11927,uva
10165,uva
11534,uva
847,uva
1557,uva
1559,uva
1558,uva
Exercises: Intermediate,nil
Recommendation,nil
1378,uva
12163,uva
Extra,nil
11249,uva
1566,uva
Exercises: Advanced,nil
Recommendation,nil
1500,uva
Extra,nil
11758,uva
12033,uva
12370,uva
1567,uva
1561,uva
Probability,nil
Examples,nil
11021,uva
11427,uva
11762,uva
Analysis,nil
11722,uva
Exercises: Beginner,nil
Recommendation,nil
12230,uva
11181,uva
10491,uva
10900,uva
Extra,nil
10288,uva
11291,uva
11346,uva
1541,uva
542,uva
557,uva
Exercises: Intermediate,nil
Recommendation,nil
11637,uva
11605,uva
Extra,nil
10417,uva
10529,uva
11176,uva
11971,uva
Exercises: Advanced,nil
Recommendation,nil
1498,uva
1413,uva
1300,uva
12164,uva
Extra,nil
11429,uva
Permutation,nil
Examples,nil
10294,uva
12103,uva
11077,uva
Analysis,nil
1156,uva
Exercises: Beginner,nil
Recommendation,nil
10601,uva
11774,uva
10733,uva
Extra,nil
239,uva
306,uva
Exercises: Intermediate,nil
Recommendation,nil
11330,uva
11255,uva
1016,uva
Extra,nil
716,uva
Exercises: Advanced,nil
Recommendation,nil
11540,uva
12387,uva
Extra,nil
11924,uva
11118,uva
11698,uva
Matrix & System of Linear Equations,nil
Examples,nil
10828,uva
11542,uva
Analysis,nil
10870,uva
1386,uva
Exercises: Beginner,nil
Recommendation,nil
10655,uva
11149,uva
Extra,nil
1560,uva
10689,uva
11551,uva
1546,uva
472,uva
684,uva
Exercises: Intermediate,nil
Recommendation,nil
10808,uva
1397,uva
Extra,nil
1564,uva
1563,uva
1562,uva
1551,uva
11651,uva
720,uva
Exercises: Advanced,nil
Recommendation,nil
1332,uva
Extra,nil
11778,uva
Numerical Methods,nil
Examples,nil
10341,uva
1476,uva
1356,uva
Exercises: Beginner,nil
Recommendation,nil
10668,uva
10385,uva
Extra,nil
10693,uva
10428,uva
1524,uva
474,uva
Exercises: Intermediate,nil
Recommendation,nil
1487,uva
1403,uva
1429,uva
Extra,nil
11102,uva
10228,uva
Exercises: Advanced,nil
Recommendation,nil
12413,uva
Extra,nil
10631,uva
10727,uva
11102,uva
11120,uva
11702,uva
11901,uva
C3 ProDS,nil
Fundamental Data Structures,nil
Examples,nil
11991,uva
1203,uva
11997,uva
1160,uva
1329,uva
Analysis,nil
11995,uva
Exercises: Beginner,nil
Recommendation,nil
11988,uva
11136,uva
Extra,nil
10588,uva
10410,uva
10895,uva
246,uva
514,uva
536,uva
548,uva
Exercises: Intermediate,nil
Recommendation,nil
12232,uva
11987,uva
12130,uva
12096,uva
Extra,nil
10273,uva
305,uva
501,uva
540,uva
586,uva
Exercises: Advanced,nil
Recommendation,nil
1517,uva
Maintaining Interval Data,nil
Examples,nil
11992,uva
Analysis,nil
1428,uva
11235,uva
1400,uva
Exercises: Beginner,nil
Recommendation,nil
12086,uva
1513,uva
12299,uva
1232,uva
11525,uva
Extra,nil
11402,uva
Exercises: Intermediate,nil
Recommendation,nil
1455,uva
1492,uva
1493,uva
1406,uva
Extra,nil
10869,uva
11423,uva
11898,uva
11983,uva
Exercises: Advanced,nil
Recommendation,nil
1520,uva
String Algorithms,nil
Examples,nil
1328,uva
1449,uva
11468,uva
12206,uva
Analysis,nil
1401,uva
11732,uva
11019,uva
11107,uva
Exercises: Beginner,nil
Recommendation,nil
11488,uva
1519,uva
1399,uva
Extra,nil
10298,uva
10887,uva
11475,uva
12338,uva
1556,uva
257,uva
261,uva
282,uva
475,uva
Exercises: Intermediate,nil
Recommendation,nil
1385,uva
1314,uva
1076,uva
10829,uva
1358,uva
1462,uva
Extra,nil
10526,uva
11557,uva
11855,uva
11888,uva
12012,uva
719,uva
Exercises: Advanced,nil
Recommendation,nil
1470,uva
1502,uva
1441,uva
Binary Search Trees,nil
Examples,nil
11020,uva
1479,uva
11922,uva
Analysis,nil
11996,uva
Exercises: Beginner,nil
Recommendation,nil
1264,uva
1402,uva
1471,uva
Extra,nil
11688,uva
10821,uva
1525,uva
10909,uva
Exercises: Intermediate,nil
Recommendation,nil
12329,uva
1365,uva
Extra,nil
11672,uva
Exercises: Advanced,nil
Recommendation,nil
12419,uva
Extra,nil
12538,uva
11989,uva
C4 Geometry,nil
Basic Problems,nil
Recommendation,nil
11437,uva
11800,uva
11646,uva
11817,uva
1473,uva
11524,uva
11731,uva
12300,uva
12301,uva
10566,uva
11186,uva
12165,uva
1447,uva
Extra,nil
10347,uva
10439,uva
10522,uva
194,uva
438,uva
Geometric Computations in 2D,nil
Examples,nil
11178,uva
1342,uva
11796,uva
12304,uva
Analysis,nil
1308,uva
Exercises: Beginner,nil
Recommendation,nil
1301,uva
10969,uva
Extra,nil
10075,uva
10335,uva
10556,uva
10585,uva
11928,uva
361,uva
503,uva
303,uva
313,uva
800,uva
Exercises: Intermediate,nil
Recommendation,nil
11177,uva
11978,uva
1359,uva
1463,uva
Extra,nil
10321,uva
10809,uva
10867,uva
10915,uva
203,uva
217,uva
319,uva
421,uva
Exercises: Advanced,nil
Extra,nil
1003,uva
1017,uva
11188,uva
12306,uva
12309,uva
12314,uva
11037,uva
11746,uva
Geometric Algorithms in 2D,nil
Examples,nil
10652,uva
1396,uva
1298,uva
Analysis,nil
11168,uva
10256,uva
1453,uva
1475,uva
1318,uva
1340,uva
12296,uva
Exercises: Beginner,nil
Recommendation,nil
1303,uva
1304,uva
10084,uva
12307,uva
Extra,nil
10245,uva
11072,uva
11265,uva
588,uva
754,uva
811,uva
Exercises: Intermediate,nil
Recommendation,nil
11726,uva
11595,uva
1334,uva
1506,uva
1446,uva
Extra,nil
11277,uva
11612,uva
11681,uva
12016,uva
427,uva
667,uva
802,uva
819,uva
823,uva
Exercises: Advanced,nil
Extra,nil
12311,uva
10095,uva
10204,uva
10456,uva
11243,uva
11740,uva
11756,uva
691,uva
805,uva
Geometric Computations and Algorithms in 3D,nil
Examples,nil
11275,uva
1469,uva
Analysis,nil
1438,uva
1100,uva
Exercises: Beginner,nil
Recommendation,nil
1373,uva
1333,uva
1360,uva
10794,uva
11836,uva
Extra,nil
415,uva
535,uva
578,uva
659,uva
Exercises: Intermediate,nil
Recommendation,nil
1337,uva
1483,uva
1433,uva
1488,uva
1313,uva
1338,uva
Extra,nil
10495,uva
10517,uva
11334,uva
1545,uva
1547,uva
420,uva
809,uva
813,uva
Exercises: Advanced,nil
Recommendation,nil
11887,uva
12313,uva
Extra,nil
12305,uva
12308,uva
12513,uva
11289,uva
11580,uva
11807,uva
C5 ProGraph,nil
Fundamentals,nil
Examples,nil
Analysis,nil
11624,uva
10047,uva
10054,uva
1423,uva
Exercises: Beginner,nil
Extra,nil
10441,uva
11573,uva
11748,uva
436,uva
515,uva
532,uva
534,uva
538,uva
705,uva
707,uva
810,uva
816,uva
Exercises: Intermediate,nil
Extra,nil
10457,uva
10607,uva
10798,uva
10941,uva
10968,uva
11165,uva
11853,uva
258,uva
308,uva
1568,uva
359,uva
715,uva
1569,uva
Exercises: Advanced,nil
Extra,nil
11175,uva
12017,uva
DFS (Depth First Search),nil
Examples,nil
1364,uva
1108,uva
12167,uva
1146,uva
Analysis,nil
11324,uva
1391,uva
Exercises: Beginner,nil
Recommendation,nil
11396,uva
1357,uva
10765,uva
11294,uva
Extra,nil
10319,uva
11080,uva
11504,uva
610,uva
Exercises: Intermediate,nil
Recommendation,nil
1086,uva
1361,uva
10972,uva
1514,uva
11604,uva
12273,uva
1310,uva
Extra,nil
10510,uva
11098,uva
11930,uva
Exercises: Advanced,nil
Recommendation,nil
1466,uva
1464,uva
1116,uva
Shortest Paths,nil
Examples,nil
11090,uva
1078,uva
Analysis,nil
11374,uva
10917,uva
1416,uva
10537,uva
11478,uva
1048,uva
1376,uva
Exercises: Beginner,nil
Recommendation,nil
10603,uva
10269,uva
11367,uva
11280,uva
Extra,nil
10246,uva
558,uva
658,uva
Exercises: Intermediate,nil
Recommendation,nil
1348,uva
1516,uva
1518,uva
Extra,nil
10342,uva
10740,uva
10841,uva
10967,uva
Exercises: Advanced,nil
Recommendation,nil
12227,uva
1311,uva
1321,uva
Extra,nil
1057,uva
1081,uva
1089,uva
1097,uva
10381,uva
Minimal Spanning Tree and Variants,nil
Examples,nil
11354,uva
Analysis,nil
1494,uva
11865,uva
Exercises: Beginner,nil
Recommendation,nil
1395,uva
10600,uva
11183,uva
10816,uva
Extra,nil
10938,uva
11747,uva
544,uva
Exercises: Intermediate,nil
Recommendation,nil
10369,uva
1265,uva
12275,uva
1504,uva
Exercises: Advanced,nil
Extra,nil
1537,uva
Bipartite Graph Matching,nil
Examples,nil
1175,uva
Analysis,nil
1411,uva
11383,uva
1006,uva
11419,uva
12083,uva
1201,uva
Exercises: Beginner,nil
Recommendation,nil
1349,uva
12168,uva
1045,uva
Exercises: Intermediate,nil
Recommendation,nil
10615,uva
1327,uva
1459,uva
Extra,nil
10735,uva
10888,uva
11119,uva
Exercises: Advanced,nil
Extra,nil
10418,uva
10630,uva
Network Flows,nil
Examples,nil
Analysis,nil
11248,uva
1324,uva
1306,uva
10779,uva
11613,uva
Exercises: Beginner,nil
Recommendation,nil
10806,uva
1345,uva
1161,uva
12125,uva
1212,uva
1317,uva
1486,uva
Extra,nil
10249,uva
10380,uva
11380,uva
563,uva
Exercises: Intermediate,nil
Recommendation,nil
11167,uva
11082,uva
1440,uva
12092,uva
1515,uva
12264,uva
1369,uva
Extra,nil
11544,uva
11594,uva
11603,uva
Exercises: Advanced,nil
Recommendation,nil
1389,uva
1104,uva
Extra,nil
11700,uva
C6 ProTopic,nil
Dynamic Programming on Borderline,nil
Examples,nil
11270,uva
Analysis,nil
1214,uva
10572,uva
Exercises: Beginner,nil
Recommendation,nil
12117,uva
1408,uva
Exercises: Intermediate,nil
Recommendation,nil
11741,uva
11443,uva
Extra,nil
10531,uva
11531,uva
Exercises: Advanced,nil
Recommendation,nil
11276,uva
1094,uva
1501,uva
C7 Advanced Data Structure Topics,nil
Examples,nil
11297,uva
12003,uva
Analysis,nil
11990,uva
Exercises: Beginner,nil
Recommendation,nil
12074,uva
1417,uva
12345,uva
1465,uva
Exercises: Intermediate,nil
Recommendation,nil
1383,uva
12389,uva
1490,uva
Exercises: Advanced,nil
Recommendation,nil
1480,uva
1472,uva
11607,uva
12312,uva
1106,uva
C8 Brute Force,nil
Examples,nil
12112,uva
1085,uva
1309,uva
Exercises: Beginner,nil
Recommendation,nil
1063,uva
1343,uva
10838,uva
12180,uva
1461,uva
1499,uva
1505,uva
Extra,nil
12569,uva
10274,uva
10422,uva
10536,uva
1565,uva
704,uva
751,uva
Exercises: Intermediate,nil
Recommendation,nil
1041,uva
1495,uva
11212,uva
Extra,nil
12558,uva
10358,uva
10384,uva
10704,uva
11376,uva
11501,uva
11513,uva
Exercises: Advanced,nil
Recommendation,nil
1353,uva
12418,uva
11211,uva
11213,uva
1008,uva
Extra,nil
11208,uva
12570,uva
11772,uva
C9 Selected Topics in Geometry,nil
Examples,nil
1077,uva
1075,uva
Analysis,nil
1102,uva
12303,uva
1367,uva
1065,uva
11921,uva
1060,uva
Exercises: Beginner,nil
Recommendation,nil
1497,uva
12237,uva
1138,uva
10514,uva
Extra,nil
10760,uva
12029,uva
688,uva
Exercises: Intermediate,nil
Recommendation,nil
1409,uva
1387,uva
1507,uva
Extra,nil
10613,uva
10762,uva
248,uva
Exercises: Advanced,nil
Extra,nil
1014,uva
11425,uva
12565,uva
1288,uva
C10 Selected Topics in Mathematics,nil
Examples,nil
Analysis,nil
11017,uva
1384,uva
1457,uva
12298,uva
10498,uva
Exercises: Beginner,nil
Recommendation,nil
11640,uva
1059,uva
12076,uva
1305,uva
Exercises: Intermediate,nil
Recommendation,nil
12327,uva
1410,uva
Extra,nil
12512,uva
Exercises: Advanced,nil
Recommendation,nil
12344,uva
Extra,nil
12434,uva
12567,uva
10089,uva
C11 Writing and Debugging Complex Codes,nil
Examples,nil
10966,uva
12233,uva
Exercises: Beginner,nil
Recommendation,nil
1024,uva
1087,uva
1458,uva
12014,uva
1477,uva
1294,uva
1296,uva
12412,uva
Extra,nil
10741,uva
11717,uva
11956,uva
10467,uva
10584,uva
10996,uva
1544,uva
1527,uva
1528,uva
163,uva
206,uva
207,uva
210,uva
214,uva
226,uva
253,uva
316,uva
320,uva
346,uva
449,uva
508,uva
509,uva
512,uva
513,uva
533,uva
592,uva
603,uva
765,uva
803,uva
804,uva
806,uva
807,uva
814,uva
815,uva
822,uva
Exercises: Intermediate,nil
Recommendation,nil
10757,uva
1454,uva
1293,uva
1307,uva
1512,uva
Extra,nil
10612,uva
10155,uva
11575,uva
1540,uva
1542,uva
1532,uva
1553,uva
212,uva
252,uva
281,uva
292,uva
293,uva
330,uva
396,uva
611,uva
Exercises: Advanced,nil
Recommendation,nil
1055,uva
1460,uva
12417,uva
12421,uva
12422,uva
12423,uva
Extra,nil
11886,uva
1552,uva
304,uva
C12. Advanced Topics,nil
Examples,nil
Analysis,nil
1671,uva
1672,uva
1673,uva
12161,uva
11994,uva
1674,uva
12538,uva
805,uva
1675,uva
12314,uva
1520,uva
1676,uva
11998,uva
1104,uva
12567,uva
12110,uva
12253,uva
12164,uva
1677,uva
1678,uva
1679,uva
12162,uva
1017,uva
1286,uva
1288,uva
12565,uva
11188,uva
12308,uva
1680,uva
1097,uva
1681,uva
11199,uva
1682,uva
11521,uva
12417,uva
12666,uva
12731,uva
Extra,nil
1683,uva
12629,uva
12698,uva
12711,uva
12713,uva
12513,uva
11594,uva
12415,uva
11993,uva
10766,uva
11118,uva
11915,uva
1684,uva
1685,uva
Exercises,nil
12306,uva
1686,uva
1687,uva
12227,uva
1688,uva
1689,uva
11425,uva
1570,uva
1690,uva
1573,uva
1691,uva
1692,uva
1693,uva
1290,uva
1694,uva
12570,uva
10383,uva
12566,uva
1695,uva
1696,uva